chain, residue_label, residue_name, score, zscore, probability, pocket
A,    1, ALA,  0.0916,  -0.3284,   0.0021, 0
A,    2, VAL,  0.1019,  -0.3227,   0.0024, 0
A,    3, GLY,  0.0682,  -0.3415,   0.0014, 5
A,    4, ALA,  0.2147,  -0.2598,   0.0077, 5
A,    5, CYS,  0.1250,  -0.3098,   0.0033, 0
A,    6, VAL,  0.3246,  -0.1985,   0.0161, 5
A,    7, LEU,  0.2876,  -0.2191,   0.0130, 0
A,    8, CYS,  0.2585,  -0.2354,   0.0107, 0
A,    9, ASN,  0.0746,  -0.3379,   0.0016, 0
A,   10, SER,  0.1355,  -0.3039,   0.0037, 0
A,   11, GLN,  0.1266,  -0.3089,   0.0033, 0
A,   12, THR,  0.0778,  -0.3361,   0.0017, 0
A,   13, SER,  0.2714,  -0.2282,   0.0117, 6
A,   14, LEU,  0.2263,  -0.2533,   0.0085, 0
A,   15, ARG,  0.0998,  -0.3238,   0.0023, 0
A,   16, CYS,  0.0000,  -0.3795,   0.0002, 0
A,   17, GLY,  0.0764,  -0.3369,   0.0016, 0
A,   18, ALA,  0.3332,  -0.1937,   0.0169, 0
A,   19, CYS,  0.3501,  -0.1843,   0.0185, 0
A,   20, ILE,  0.5179,  -0.0908,   0.0385, 0
A,   21, ARG,  0.4061,  -0.1531,   0.0242, 5
A,   22, ARG,  0.2307,  -0.2509,   0.0088, 5
A,   23, PRO,  0.3248,  -0.1984,   0.0161, 5
A,   24, PHE,  0.3145,  -0.2042,   0.0152, 5
A,   25, LEU,  0.0000,  -0.3795,   0.0002, 0
A,   26, CYS,  0.1649,  -0.2876,   0.0050, 0
A,   27, CYS,  0.1728,  -0.2831,   0.0054, 0
A,   28, LYS,  0.1973,  -0.2695,   0.0067, 0
A,   29, CYS,  0.2169,  -0.2585,   0.0079, 0
A,   30, CYS,  0.0000,  -0.3795,   0.0002, 0
A,   31, TYR,  0.1557,  -0.2927,   0.0046, 0
A,   32, ASP,  0.1235,  -0.3106,   0.0032, 0
A,   33, HIS,  0.0055,  -0.3764,   0.0003, 0
A,   34, VAL,  0.0095,  -0.3742,   0.0003, 0
A,   35, ILE,  0.1344,  -0.3046,   0.0036, 0
A,   36, SER,  0.0757,  -0.3373,   0.0016, 0
A,   37, THR,  0.0455,  -0.3541,   0.0009, 0
A,   38, SER,  0.0692,  -0.3409,   0.0015, 0
A,   39, HIS,  0.2841,  -0.2211,   0.0127, 0
A,   40, LYS,  0.0634,  -0.3441,   0.0013, 0
A,   41, LEU,  0.1255,  -0.3095,   0.0033, 0
A,   42, VAL,  0.0000,  -0.3795,   0.0002, 0
A,   43, LEU,  0.0969,  -0.3255,   0.0022, 0
A,   44, SER,  0.3247,  -0.1985,   0.0161, 6
A,   45, VAL,  0.1445,  -0.2989,   0.0041, 6
A,   46, ASN,  0.4212,  -0.1447,   0.0260, 6
A,   47, PRO,  0.2576,  -0.2359,   0.0106, 0
A,   48, TYR,  0.3309,  -0.1950,   0.0167, 6
A,   49, VAL,  0.2062,  -0.2645,   0.0072, 0
A,   50, CYS,  0.0404,  -0.3570,   0.0008, 0
A,   51, ASN,  0.2399,  -0.2458,   0.0094, 0
A,   52, ALA,  0.1133,  -0.3163,   0.0028, 0
A,   53, PRO,  0.1180,  -0.3137,   0.0030, 0
A,   54, GLY,  0.1414,  -0.3006,   0.0039, 0
A,   55, CYS,  0.5035,  -0.0988,   0.0364, 0
A,   56, ASP,  0.3509,  -0.1839,   0.0186, 0
A,   57, VAL,  0.4103,  -0.1508,   0.0247, 0
A,   58, THR,  0.0790,  -0.3354,   0.0017, 0
A,   59, ASP,  0.0214,  -0.3675,   0.0005, 0
A,   60, VAL,  0.0169,  -0.3700,   0.0004, 0
A,   61, THR,  0.1107,  -0.3178,   0.0027, 0
A,   62, GLN,  0.0603,  -0.3458,   0.0012, 0
A,   63, LEU,  0.0249,  -0.3656,   0.0006, 0
A,   64, TYR,  0.0875,  -0.3307,   0.0019, 0
A,   65, LEU,  0.4856,  -0.1088,   0.0340, 6
A,   66, GLY,  0.0705,  -0.3401,   0.0015, 0
A,   67, GLY,  0.1501,  -0.2958,   0.0043, 0
A,   68, MET,  0.3291,  -0.1960,   0.0165, 6
A,   69, SER,  0.2609,  -0.2340,   0.0109, 0
A,   70, TYR,  0.4855,  -0.1088,   0.0340, 6
A,   71, TYR,  0.1426,  -0.3000,   0.0040, 0
A,   72, CYS,  0.4509,  -0.1282,   0.0295, 0
A,   73, LYS,  0.2187,  -0.2576,   0.0080, 0
A,   74, SER,  0.4332,  -0.1380,   0.0274, 0
A,   75, HIS,  0.5894,  -0.0509,   0.0496, 0
A,   76, LYS,  0.1230,  -0.3109,   0.0032, 0
A,   77, PRO,  0.1218,  -0.3116,   0.0031, 0
A,   78, PRO,  0.0402,  -0.3571,   0.0008, 0
A,   79, ILE,  0.1368,  -0.3032,   0.0037, 0
A,   80, SER,  0.1107,  -0.3177,   0.0027, 0
A,   81, PHE,  0.5546,  -0.0704,   0.0440, 0
A,   82, PRO,  0.2545,  -0.2376,   0.0104, 0
A,   83, LEU,  0.1462,  -0.2980,   0.0042, 0
A,   84, CYS,  0.1545,  -0.2933,   0.0045, 0
A,   85, ALA,  0.1579,  -0.2914,   0.0047, 0
A,   86, ASN,  0.1190,  -0.3131,   0.0030, 0
A,   87, GLY,  0.0729,  -0.3388,   0.0016, 0
A,   88, GLN,  0.2010,  -0.2674,   0.0069, 0
A,   89, VAL,  0.0628,  -0.3445,   0.0013, 0
A,   90, PHE,  0.7803,   0.0555,   0.0868, 6
A,   91, GLY,  0.3438,  -0.1878,   0.0179, 6
A,   92, LEU,  0.4792,  -0.1124,   0.0331, 6
A,   93, TYR,  0.2382,  -0.2467,   0.0093, 0
A,   94, LYS,  0.2771,  -0.2250,   0.0121, 0
A,  103, VAL,  0.3211,  -0.2005,   0.0158, 0
A,  104, THR,  0.1712,  -0.2840,   0.0053, 0
A,  105, ASP,  0.1710,  -0.2841,   0.0053, 0
A,  106, PHE,  0.1196,  -0.3128,   0.0030, 0
A,  107, ASN,  0.0492,  -0.3520,   0.0010, 0
A,  108, ALA,  0.2783,  -0.2243,   0.0122, 0
A,  109, ILE,  0.5177,  -0.0909,   0.0384, 0
A,  110, ALA,  0.4636,  -0.1210,   0.0311, 0
A,  111, THR,  0.3886,  -0.1628,   0.0223, 0
A,  112, CYS,  0.5959,  -0.0473,   0.0506, 0
A,  113, ASP,  0.2432,  -0.2439,   0.0096, 0
A,  114, TRP,  0.4653,  -0.1201,   0.0313, 0
A,  115, THR,  0.1566,  -0.2922,   0.0046, 0
A,  116, ASN,  0.1065,  -0.3201,   0.0026, 0
A,  117, ALA,  0.0866,  -0.3312,   0.0019, 0
A,  118, GLY,  0.3485,  -0.1852,   0.0183, 0
A,  119, ASP,  0.3825,  -0.1663,   0.0217, 0
A,  120, TYR,  0.5050,  -0.0980,   0.0366, 4
A,  121, ILE,  0.1001,  -0.3237,   0.0023, 0
A,  122, LEU,  0.2685,  -0.2298,   0.0114, 0
A,  123, ALA,  0.4216,  -0.1445,   0.0260, 4
A,  124, ASN,  0.6844,   0.0020,   0.0666, 4
A,  125, THR,  0.1963,  -0.2701,   0.0066, 0
A,  126, CYS,  0.2139,  -0.2602,   0.0077, 0
A,  127, THR,  0.2055,  -0.2649,   0.0072, 0
A,  128, GLU,  0.3548,  -0.1817,   0.0189, 0
A,  129, ARG,  0.2683,  -0.2299,   0.0114, 5
A,  130, LEU,  0.1914,  -0.2728,   0.0064, 0
A,  131, LYS,  0.6687,  -0.0067,   0.0635, 4
A,  132, LEU,  0.2057,  -0.2648,   0.0072, 5
A,  133, PHE,  0.2918,  -0.2168,   0.0133, 5
A,  134, ALA,  0.3570,  -0.1805,   0.0191, 4
A,  135, ALA,  0.5153,  -0.0922,   0.0381, 4
A,  136, GLU,  0.2993,  -0.2126,   0.0139, 5
A,  137, THR,  0.4070,  -0.1526,   0.0243, 0
A,  138, LEU,  0.6880,   0.0040,   0.0673, 4
A,  139, LYS,  0.8269,   0.0815,   0.0975, 7
A,  140, ALA,  0.0980,  -0.3249,   0.0023, 0
A,  141, THR,  0.3533,  -0.1825,   0.0188, 0
A,  142, GLU,  0.9065,   0.1258,   0.1168, 7
A,  143, GLU,  0.4929,  -0.1047,   0.0349, 7
A,  144, THR,  0.1279,  -0.3082,   0.0034, 0
A,  145, PHE,  1.0426,   0.2017,   0.1523, 0
A,  146, LYS,  0.8968,   0.1204,   0.1143, 7
A,  147, LEU,  0.1357,  -0.3038,   0.0037, 0
A,  148, SER,  0.1392,  -0.3019,   0.0038, 0
A,  149, TYR,  1.2237,   0.3026,   0.2030, 0
A,  150, GLY,  0.0452,  -0.3543,   0.0009, 0
A,  151, ILE,  0.2815,  -0.2226,   0.0125, 0
A,  152, ALA,  0.0420,  -0.3561,   0.0009, 0
A,  153, THR,  0.0678,  -0.3417,   0.0014, 0
A,  154, VAL,  0.5345,  -0.0815,   0.0410, 0
A,  155, ARG,  0.0180,  -0.3694,   0.0005, 0
A,  156, GLU,  0.3178,  -0.2023,   0.0155, 0
A,  157, VAL,  0.5338,  -0.0819,   0.0409, 0
A,  158, LEU,  0.2050,  -0.2652,   0.0071, 0
A,  159, SER,  0.2262,  -0.2534,   0.0085, 0
A,  160, ASP,  0.0259,  -0.3650,   0.0006, 0
A,  161, ARG,  0.0334,  -0.3608,   0.0007, 0
A,  162, GLU,  0.4221,  -0.1442,   0.0261, 0
A,  163, LEU,  0.5473,  -0.0744,   0.0429, 0
A,  164, HIS,  0.0518,  -0.3506,   0.0011, 0
A,  165, LEU,  0.5046,  -0.0982,   0.0366, 0
A,  166, SER,  0.1002,  -0.3236,   0.0023, 0
A,  167, TRP,  0.7576,   0.0428,   0.0817, 0
A,  168, GLU,  0.0689,  -0.3411,   0.0014, 0
A,  169, VAL,  0.0220,  -0.3672,   0.0005, 0
A,  170, GLY,  0.0927,  -0.3278,   0.0021, 0
A,  171, LYS,  0.1220,  -0.3115,   0.0031, 0
A,  172, PRO,  0.2168,  -0.2586,   0.0079, 0
A,  173, ARG,  0.6971,   0.0091,   0.0691, 0
A,  174, PRO,  0.4594,  -0.1234,   0.0306, 0
A,  175, PRO,  0.8432,   0.0905,   0.1013, 2
A,  176, LEU,  0.8998,   0.1221,   0.1151, 2
A,  177, ASN,  0.9809,   0.1673,   0.1359, 2
A,  178, ARG,  0.1743,  -0.2823,   0.0055, 0
A,  179, ASN,  1.4340,   0.4198,   0.2637, 2
A,  180, TYR,  1.3239,   0.3585,   0.2318, 0
A,  181, VAL,  0.2668,  -0.2307,   0.0113, 0
A,  182, PHE,  0.0546,  -0.3490,   0.0011, 0
A,  183, THR,  0.1284,  -0.3079,   0.0034, 0
A,  184, GLY,  0.0190,  -0.3689,   0.0005, 0
A,  185, TYR,  0.6219,  -0.0328,   0.0550, 0
A,  194, GLN,  0.2349,  -0.2485,   0.0091, 0
A,  195, ILE,  0.0624,  -0.3447,   0.0013, 0
A,  196, GLY,  0.0489,  -0.3522,   0.0010, 0
A,  197, GLU,  0.1550,  -0.2931,   0.0045, 0
A,  198, TYR,  0.2537,  -0.2381,   0.0104, 0
A,  199, THR,  0.0487,  -0.3523,   0.0010, 0
A,  200, PHE,  0.0484,  -0.3525,   0.0010, 0
A,  201, GLU,  0.4233,  -0.1435,   0.0262, 0
A,  202, LYS,  0.3011,  -0.2116,   0.0141, 0
A,  207, ASP,  0.4413,  -0.1335,   0.0284, 0
A,  208, ALA,  0.1303,  -0.3068,   0.0035, 0
A,  209, VAL,  0.4886,  -0.1071,   0.0344, 0
A,  210, VAL,  0.1149,  -0.3154,   0.0029, 0
A,  211, TYR,  0.5536,  -0.0709,   0.0438, 0
A,  212, ARG,  0.0628,  -0.3444,   0.0013, 0
A,  213, GLY,  0.0489,  -0.3522,   0.0010, 0
A,  214, THR,  0.0879,  -0.3305,   0.0020, 0
A,  215, THR,  0.0877,  -0.3306,   0.0020, 0
A,  216, THR,  0.0794,  -0.3352,   0.0017, 0
A,  217, TYR,  0.3317,  -0.1945,   0.0168, 0
A,  218, LYS,  0.0410,  -0.3566,   0.0008, 0
A,  219, LEU,  0.5485,  -0.0737,   0.0431, 0
A,  220, ASN,  0.5530,  -0.0712,   0.0437, 0
A,  221, VAL,  0.3218,  -0.2001,   0.0159, 0
A,  222, GLY,  0.0414,  -0.3564,   0.0008, 0
A,  223, ASP,  0.1501,  -0.2958,   0.0043, 0
A,  224, TYR,  0.5674,  -0.0632,   0.0460, 0
A,  225, PHE,  0.5545,  -0.0704,   0.0440, 0
A,  226, VAL,  0.4349,  -0.1370,   0.0276, 0
A,  227, LEU,  0.8342,   0.0855,   0.0992, 0
A,  228, THR,  0.1672,  -0.2862,   0.0051, 0
A,  229, SER,  0.1218,  -0.3116,   0.0031, 0
A,  230, HIS,  0.3855,  -0.1646,   0.0220, 0
A,  231, THR,  0.2418,  -0.2447,   0.0095, 0
A,  232, VAL,  0.1891,  -0.2740,   0.0062, 0
A,  233, MET,  0.7346,   0.0300,   0.0769, 0
A,  234, PRO,  0.4867,  -0.1082,   0.0341, 0
A,  235, LEU,  0.5513,  -0.0722,   0.0435, 5
A,  236, SER,  0.2314,  -0.2505,   0.0088, 0
A,  237, ALA,  0.0865,  -0.3312,   0.0019, 0
A,  238, PRO,  0.1652,  -0.2874,   0.0050, 0
A,  239, THR,  0.3082,  -0.2077,   0.0147, 0
A,  240, LEU,  0.4918,  -0.1053,   0.0348, 0
A,  241, VAL,  0.3920,  -0.1609,   0.0227, 0
A,  242, PRO,  0.2189,  -0.2574,   0.0080, 0
A,  243, GLN,  0.4726,  -0.1160,   0.0322, 0
A,  244, GLU,  0.0770,  -0.3365,   0.0017, 0
A,  245, HIS,  0.3620,  -0.1777,   0.0196, 0
A,  246, TYR,  0.1174,  -0.3140,   0.0030, 0
A,  247, VAL,  0.0420,  -0.3560,   0.0009, 0
A,  248, ARG,  0.0527,  -0.3501,   0.0011, 0
A,  249, ILE,  0.0871,  -0.3309,   0.0019, 0
A,  250, THR,  0.0971,  -0.3253,   0.0022, 0
A,  251, GLY,  0.1485,  -0.2967,   0.0043, 0
A,  252, LEU,  0.1002,  -0.3236,   0.0023, 0
A,  253, TYR,  0.1875,  -0.2750,   0.0062, 0
A,  254, PRO,  0.0680,  -0.3416,   0.0014, 0
A,  255, THR,  0.0851,  -0.3320,   0.0019, 0
A,  256, LEU,  0.0496,  -0.3518,   0.0010, 0
A,  257, ASN,  0.0624,  -0.3447,   0.0013, 0
A,  258, ILE,  0.1112,  -0.3175,   0.0027, 0
A,  259, SER,  0.1027,  -0.3222,   0.0024, 0
A,  260, ASP,  0.0067,  -0.3757,   0.0003, 0
A,  261, GLU,  0.5796,  -0.0564,   0.0480, 0
A,  262, PHE,  0.1892,  -0.2740,   0.0062, 0
A,  263, SER,  0.0436,  -0.3552,   0.0009, 0
A,  264, SER,  1.0835,   0.2245,   0.1636, 0
A,  265, ASN,  0.9863,   0.1703,   0.1373, 0
A,  266, VAL,  0.0489,  -0.3522,   0.0010, 0
A,  267, ALA,  0.0483,  -0.3525,   0.0010, 0
A,  268, ASN,  0.0834,  -0.3330,   0.0018, 0
A,  269, TYR,  0.0033,  -0.3776,   0.0003, 0
A,  270, GLN,  0.1172,  -0.3141,   0.0030, 0
A,  271, LYS,  0.1543,  -0.2934,   0.0045, 0
A,  272, VAL,  0.0025,  -0.3781,   0.0003, 0
A,  273, GLY,  0.0315,  -0.3619,   0.0007, 0
A,  274, MET,  0.1112,  -0.3175,   0.0027, 0
A,  275, GLN,  0.3773,  -0.1692,   0.0211, 0
A,  276, LYS,  0.2491,  -0.2406,   0.0100, 0
A,  277, TYR,  0.7070,   0.0146,   0.0711, 0
A,  278, SER,  0.0925,  -0.3279,   0.0021, 0
A,  279, THR,  0.2684,  -0.2298,   0.0114, 0
A,  280, LEU,  0.0044,  -0.3770,   0.0003, 0
A,  281, GLN,  0.9268,   0.1371,   0.1220, 0
A,  282, GLY,  1.9050,   0.6824,   0.3902, 0
A,  283, PRO,  2.5613,   1.0482,   0.5338, 0
A,  284, PRO,  3.3548,   1.4905,   0.6635, 1
A,  285, GLY,  3.8889,   1.7882,   0.7300, 1
A,  286, THR,  2.9274,   1.2523,   0.5993, 0
A,  287, GLY,  2.9138,   1.2447,   0.5970, 1
A,  288, LYS,  6.1174,   3.0304,   0.8855, 1
A,  289, SER,  2.9312,   1.2544,   0.5999, 1
A,  290, HIS,  1.5621,   0.4912,   0.2999, 1
A,  291, PHE,  0.7330,   0.0291,   0.0766, 0
A,  292, ALA,  0.0000,  -0.3795,   0.0002, 0
A,  293, ILE,  0.0000,  -0.3795,   0.0002, 0
A,  294, GLY,  0.0000,  -0.3795,   0.0002, 0
A,  295, LEU,  0.0000,  -0.3795,   0.0002, 0
A,  296, ALA,  0.0585,  -0.3469,   0.0012, 0
A,  297, LEU,  0.1984,  -0.2688,   0.0068, 0
A,  298, TYR,  0.1015,  -0.3229,   0.0024, 0
A,  299, TYR,  0.0326,  -0.3613,   0.0007, 0
A,  300, PRO,  0.1010,  -0.3231,   0.0024, 0
A,  301, SER,  0.1164,  -0.3146,   0.0029, 0
A,  302, ALA,  0.0633,  -0.3442,   0.0013, 0
A,  303, ARG,  0.0472,  -0.3531,   0.0010, 0
A,  304, ILE,  0.0022,  -0.3782,   0.0003, 0
A,  305, VAL,  0.0000,  -0.3795,   0.0002, 0
A,  306, TYR,  0.0000,  -0.3795,   0.0002, 0
A,  307, THR,  0.0095,  -0.3741,   0.0003, 0
A,  308, ALA,  0.1871,  -0.2752,   0.0061, 0
A,  309, CYS,  0.6338,  -0.0262,   0.0571, 0
A,  310, SER,  0.8901,   0.1167,   0.1127, 0
A,  311, HIS,  0.6662,  -0.0081,   0.0631, 0
A,  312, ALA,  0.8637,   0.1020,   0.1062, 1
A,  313, ALA,  1.0634,   0.2133,   0.1581, 1
A,  314, VAL,  0.0953,  -0.3264,   0.0022, 0
A,  315, ASP,  0.0847,  -0.3323,   0.0019, 0
A,  316, ALA,  1.2350,   0.3089,   0.2062, 1
A,  317, LEU,  0.7442,   0.0354,   0.0789, 0
A,  318, CYS,  0.0000,  -0.3794,   0.0002, 0
A,  319, GLU,  0.0728,  -0.3389,   0.0015, 0
A,  320, LYS,  0.3720,  -0.1721,   0.0206, 1
A,  321, ALA,  0.0042,  -0.3771,   0.0003, 0
A,  322, LEU,  0.0178,  -0.3696,   0.0005, 0
A,  323, LYS,  0.0967,  -0.3256,   0.0022, 0
A,  324, TYR,  0.3027,  -0.2107,   0.0142, 0
A,  325, LEU,  0.1243,  -0.3102,   0.0032, 0
A,  326, PRO,  0.1152,  -0.3152,   0.0029, 0
A,  327, ILE,  0.0233,  -0.3665,   0.0005, 0
A,  328, ASP,  0.0139,  -0.3717,   0.0004, 0
A,  329, LYS,  0.0755,  -0.3374,   0.0016, 0
A,  330, CYS,  0.0034,  -0.3775,   0.0003, 0
A,  331, SER,  0.0005,  -0.3792,   0.0002, 0
A,  332, ARG,  0.1342,  -0.3047,   0.0036, 0
A,  333, ILE,  0.0116,  -0.3730,   0.0004, 0
A,  334, ILE,  0.2121,  -0.2612,   0.0076, 0
A,  335, PRO,  0.3425,  -0.1886,   0.0178, 0
A,  336, ALA,  0.1101,  -0.3181,   0.0027, 0
A,  337, ARG,  0.2939,  -0.2156,   0.0135, 0
A,  338, ALA,  0.2663,  -0.2310,   0.0113, 0
A,  339, ARG,  0.6301,  -0.0282,   0.0565, 0
A,  340, VAL,  0.4226,  -0.1439,   0.0261, 0
A,  341, GLU,  0.2532,  -0.2383,   0.0103, 0
A,  342, CYS,  0.2390,  -0.2462,   0.0093, 0
A,  343, PHE,  0.0947,  -0.3267,   0.0022, 0
A,  344, ASP,  0.0873,  -0.3308,   0.0019, 0
A,  345, LYS,  0.0169,  -0.3700,   0.0004, 0
A,  346, PHE,  0.0092,  -0.3743,   0.0003, 0
A,  347, LYS,  0.0091,  -0.3744,   0.0003, 0
A,  348, VAL,  0.0702,  -0.3403,   0.0015, 0
A,  349, ASN,  0.0317,  -0.3618,   0.0007, 0
A,  350, SER,  0.0160,  -0.3706,   0.0004, 0
A,  351, THR,  0.0172,  -0.3699,   0.0004, 0
A,  352, LEU,  0.0298,  -0.3629,   0.0006, 0
A,  353, GLU,  0.0248,  -0.3656,   0.0006, 0
A,  354, GLN,  0.0457,  -0.3540,   0.0009, 0
A,  355, TYR,  0.0568,  -0.3478,   0.0012, 0
A,  356, VAL,  0.0000,  -0.3795,   0.0002, 0
A,  357, PHE,  0.0000,  -0.3795,   0.0002, 0
A,  358, CYS,  0.0069,  -0.3756,   0.0003, 0
A,  359, THR,  0.1892,  -0.2740,   0.0062, 0
A,  360, VAL,  0.1737,  -0.2826,   0.0054, 0
A,  361, ASN,  1.0011,   0.1786,   0.1412, 7
A,  362, ALA,  0.1394,  -0.3017,   0.0039, 0
A,  363, LEU,  0.0158,  -0.3707,   0.0004, 0
A,  364, PRO,  0.0112,  -0.3732,   0.0004, 0
A,  365, GLU,  0.0344,  -0.3603,   0.0007, 0
A,  366, THR,  0.0120,  -0.3728,   0.0004, 0
A,  367, THR,  0.0245,  -0.3658,   0.0006, 0
A,  368, ALA,  0.0169,  -0.3700,   0.0004, 0
A,  369, ASP,  0.0770,  -0.3366,   0.0017, 0
A,  370, ILE,  0.0000,  -0.3795,   0.0002, 0
A,  371, VAL,  0.0095,  -0.3741,   0.0003, 0
A,  372, VAL,  0.0095,  -0.3741,   0.0003, 0
A,  373, PHE,  0.0095,  -0.3741,   0.0003, 0
A,  374, ASP,  1.9509,   0.7080,   0.4014, 1
A,  375, GLU,  1.7915,   0.6191,   0.3615, 1
A,  376, ILE,  0.0487,  -0.3523,   0.0010, 0
A,  377, SER,  0.0210,  -0.3677,   0.0005, 1
A,  378, MET,  0.6518,  -0.0161,   0.0603, 0
A,  379, ALA,  0.1852,  -0.2763,   0.0060, 0
A,  380, THR,  0.7608,   0.0446,   0.0824, 4
A,  381, ASN,  0.5094,  -0.0955,   0.0372, 4
A,  382, TYR,  1.1966,   0.2875,   0.1953, 4
A,  383, ASP,  0.4335,  -0.1379,   0.0275, 7
A,  384, LEU,  0.0000,  -0.3795,   0.0002, 0
A,  385, SER,  0.1565,  -0.2922,   0.0046, 0
A,  386, VAL,  0.7018,   0.0117,   0.0700, 0
A,  387, VAL,  0.0576,  -0.3473,   0.0012, 0
A,  388, ASN,  0.2011,  -0.2674,   0.0069, 0
A,  389, ALA,  0.2322,  -0.2500,   0.0089, 0
A,  390, ARG,  0.7343,   0.0298,   0.0768, 0
A,  391, LEU,  0.0605,  -0.3457,   0.0012, 0
A,  392, ARG,  0.1741,  -0.2824,   0.0055, 0
A,  393, ALA,  0.1338,  -0.3049,   0.0036, 0
A,  394, LYS,  0.1794,  -0.2795,   0.0057, 0
A,  395, HIS,  0.0544,  -0.3492,   0.0011, 0
A,  396, TYR,  0.2473,  -0.2416,   0.0099, 0
A,  397, VAL,  0.0095,  -0.3741,   0.0003, 0
A,  398, TYR,  0.0974,  -0.3252,   0.0022, 0
A,  399, ILE,  0.3059,  -0.2090,   0.0145, 0
A,  400, GLY,  0.5437,  -0.0764,   0.0423, 1
A,  401, ASP,  0.4556,  -0.1255,   0.0301, 0
A,  402, PRO,  0.4196,  -0.1456,   0.0258, 0
A,  403, ALA,  0.2407,  -0.2453,   0.0095, 0
A,  404, GLN,  2.5928,   1.0658,   0.5398, 1
A,  405, LEU,  0.3891,  -0.1626,   0.0224, 0
A,  406, PRO,  0.5671,  -0.0633,   0.0460, 3
A,  407, ALA,  0.6515,  -0.0163,   0.0603, 3
A,  408, PRO,  0.8096,   0.0718,   0.0934, 2
A,  409, ARG,  0.8019,   0.0675,   0.0916, 3
A,  410, THR,  1.3956,   0.3985,   0.2525, 7
A,  411, LEU,  0.6900,   0.0051,   0.0677, 0
A,  412, LEU,  0.2055,  -0.2649,   0.0072, 3
A,  413, THR,  0.1975,  -0.2694,   0.0067, 0
A,  414, LYS,  0.1020,  -0.3226,   0.0024, 0
A,  415, GLY,  0.1167,  -0.3144,   0.0029, 3
A,  416, THR,  0.2650,  -0.2318,   0.0112, 3
A,  417, LEU,  0.5735,  -0.0598,   0.0470, 3
A,  418, GLU,  0.2967,  -0.2141,   0.0137, 0
A,  419, PRO,  0.2628,  -0.2330,   0.0110, 3
A,  420, GLU,  0.0315,  -0.3619,   0.0007, 0
A,  421, TYR,  0.3159,  -0.2034,   0.0153, 4
A,  422, PHE,  0.8678,   0.1043,   0.1072, 3
A,  423, ASN,  0.3484,  -0.1853,   0.0183, 0
A,  424, SER,  0.3488,  -0.1850,   0.0184, 0
A,  425, VAL,  0.1439,  -0.2993,   0.0041, 0
A,  426, CYS,  0.0000,  -0.3795,   0.0002, 0
A,  427, ARG,  0.3235,  -0.1991,   0.0160, 0
A,  428, LEU,  0.8158,   0.0752,   0.0948, 0
A,  429, MET,  0.5503,  -0.0727,   0.0433, 0
A,  430, LYS,  0.4265,  -0.1417,   0.0266, 0
A,  431, THR,  0.1446,  -0.2988,   0.0041, 0
A,  432, ILE,  0.4896,  -0.1066,   0.0345, 0
A,  433, GLY,  0.4397,  -0.1344,   0.0282, 0
A,  434, PRO,  0.8041,   0.0688,   0.0921, 0
A,  435, ASP,  0.4797,  -0.1121,   0.0332, 0
A,  436, MET,  0.3370,  -0.1916,   0.0173, 0
A,  437, PHE,  0.8586,   0.0991,   0.1049, 0
A,  438, LEU,  0.8367,   0.0869,   0.0997, 0
A,  439, GLY,  0.1870,  -0.2752,   0.0061, 0
A,  440, THR,  0.4766,  -0.1138,   0.0328, 0
A,  441, CYS,  0.0067,  -0.3757,   0.0003, 0
A,  442, ARG,  0.8905,   0.1169,   0.1128, 1
A,  443, ARG,  4.1231,   1.9188,   0.7538, 1
A,  444, CYS,  0.0115,  -0.3731,   0.0004, 0
A,  445, PRO,  0.0197,  -0.3685,   0.0005, 0
A,  446, ALA,  0.0213,  -0.3676,   0.0005, 0
A,  447, GLU,  0.0052,  -0.3765,   0.0003, 0
A,  448, ILE,  0.0000,  -0.3795,   0.0002, 0
A,  449, VAL,  0.0061,  -0.3761,   0.0003, 0
A,  450, ASP,  0.0187,  -0.3690,   0.0005, 0
A,  451, THR,  0.0478,  -0.3528,   0.0010, 0
A,  452, VAL,  0.0421,  -0.3560,   0.0009, 0
A,  453, SER,  0.0066,  -0.3758,   0.0003, 0
A,  454, ALA,  0.0173,  -0.3698,   0.0005, 0
A,  455, LEU,  0.1528,  -0.2943,   0.0044, 0
A,  456, VAL,  0.5714,  -0.0610,   0.0466, 0
A,  457, TYR,  0.5946,  -0.0480,   0.0504, 0
A,  458, ASP,  0.4281,  -0.1408,   0.0268, 0
A,  459, ASN,  0.0147,  -0.3713,   0.0004, 0
A,  460, LYS,  0.6247,  -0.0313,   0.0555, 0
A,  461, LEU,  0.1495,  -0.2961,   0.0043, 0
A,  462, LYS,  0.0186,  -0.3691,   0.0005, 0
A,  463, ALA,  0.0188,  -0.3690,   0.0005, 0
A,  464, HIS,  0.0300,  -0.3628,   0.0006, 0
A,  465, LYS,  0.0490,  -0.3521,   0.0010, 0
A,  466, ASP,  0.0258,  -0.3651,   0.0006, 0
A,  467, LYS,  0.0155,  -0.3708,   0.0004, 0
A,  468, SER,  0.0294,  -0.3631,   0.0006, 0
A,  469, ALA,  0.0746,  -0.3379,   0.0016, 0
A,  470, GLN,  0.0876,  -0.3307,   0.0020, 0
A,  471, CYS,  0.0011,  -0.3789,   0.0002, 0
A,  472, PHE,  0.1579,  -0.2915,   0.0047, 0
A,  473, LYS,  0.0765,  -0.3368,   0.0016, 0
A,  474, MET,  0.2478,  -0.2414,   0.0100, 0
A,  475, PHE,  0.1237,  -0.3105,   0.0032, 0
A,  476, TYR,  0.1339,  -0.3048,   0.0036, 0
A,  477, LYS,  0.0565,  -0.3480,   0.0012, 0
A,  478, GLY,  0.0536,  -0.3496,   0.0011, 0
A,  479, VAL,  0.0675,  -0.3418,   0.0014, 0
A,  480, ILE,  0.0916,  -0.3284,   0.0021, 0
A,  481, THR,  0.0495,  -0.3518,   0.0010, 0
A,  482, HIS,  0.1035,  -0.3218,   0.0025, 0
A,  483, ASP,  0.3274,  -0.1970,   0.0164, 0
A,  484, VAL,  0.3338,  -0.1934,   0.0170, 0
A,  485, SER,  0.2682,  -0.2300,   0.0114, 0
A,  486, SER,  0.7065,   0.0143,   0.0710, 2
A,  487, ALA,  0.2857,  -0.2202,   0.0128, 0
A,  488, ILE,  0.0470,  -0.3533,   0.0010, 0
A,  489, ASN,  0.0028,  -0.3779,   0.0003, 0
A,  490, ARG,  0.0990,  -0.3243,   0.0023, 0
A,  491, PRO,  0.0799,  -0.3349,   0.0017, 0
A,  492, GLN,  0.0090,  -0.3745,   0.0003, 0
A,  493, ILE,  0.0194,  -0.3687,   0.0005, 0
A,  494, GLY,  0.0439,  -0.3550,   0.0009, 0
A,  495, VAL,  0.2159,  -0.2591,   0.0078, 0
A,  496, VAL,  0.0262,  -0.3649,   0.0006, 0
A,  497, ARG,  0.0776,  -0.3362,   0.0017, 0
A,  498, GLU,  0.1547,  -0.2932,   0.0045, 0
A,  499, PHE,  0.3427,  -0.1885,   0.0178, 0
A,  500, LEU,  0.0302,  -0.3626,   0.0006, 0
A,  501, THR,  0.0141,  -0.3716,   0.0004, 0
A,  502, ARG,  0.2210,  -0.2563,   0.0081, 0
A,  503, ASN,  0.2665,  -0.2309,   0.0113, 0
A,  504, PRO,  0.0347,  -0.3601,   0.0007, 0
A,  505, ALA,  0.0358,  -0.3595,   0.0007, 0
A,  506, TRP,  0.0735,  -0.3385,   0.0016, 0
A,  507, ARG,  0.0341,  -0.3605,   0.0007, 0
A,  508, LYS,  0.0318,  -0.3617,   0.0007, 0
A,  509, ALA,  0.0133,  -0.3720,   0.0004, 0
A,  510, VAL,  0.0413,  -0.3565,   0.0008, 0
A,  511, PHE,  0.0000,  -0.3795,   0.0002, 0
A,  512, ILE,  0.0000,  -0.3795,   0.0002, 0
A,  513, SER,  0.0061,  -0.3760,   0.0003, 0
A,  514, PRO,  0.7469,   0.0369,   0.0794, 2
A,  515, TYR,  0.7711,   0.0504,   0.0847, 2
A,  516, ASN,  1.0950,   0.2309,   0.1668, 2
A,  517, SER,  0.4367,  -0.1361,   0.0279, 0
A,  518, GLN,  0.0185,  -0.3692,   0.0005, 0
A,  519, ASN,  0.1755,  -0.2816,   0.0055, 0
A,  520, ALA,  0.1815,  -0.2783,   0.0058, 0
A,  521, VAL,  0.0702,  -0.3404,   0.0015, 0
A,  522, ALA,  0.0004,  -0.3792,   0.0002, 0
A,  523, SER,  0.1135,  -0.3162,   0.0028, 0
A,  524, LYS,  0.0242,  -0.3660,   0.0006, 0
A,  525, ILE,  0.0454,  -0.3541,   0.0009, 0
A,  526, LEU,  0.0178,  -0.3695,   0.0005, 0
A,  527, GLY,  0.0096,  -0.3741,   0.0003, 0
A,  528, LEU,  0.0164,  -0.3703,   0.0004, 0
A,  529, PRO,  0.0411,  -0.3566,   0.0008, 0
A,  530, THR,  0.3266,  -0.1974,   0.0163, 0
A,  531, GLN,  0.1732,  -0.2829,   0.0054, 0
A,  532, THR,  0.3814,  -0.1669,   0.0216, 2
A,  533, VAL,  0.0281,  -0.3638,   0.0006, 0
A,  534, ASP,  0.7630,   0.0458,   0.0829, 2
A,  535, SER,  0.2521,  -0.2389,   0.0103, 0
A,  536, SER,  0.1079,  -0.3193,   0.0026, 0
A,  537, GLN,  2.0172,   0.7449,   0.4175, 1
A,  538, GLY,  5.0174,   2.4173,   0.8260, 1
A,  539, SER,  2.1482,   0.8180,   0.4473, 0
A,  540, GLU,  0.8568,   0.0981,   0.1045, 1
A,  541, TYR,  0.0659,  -0.3427,   0.0014, 0
A,  542, ASP,  0.0263,  -0.3648,   0.0006, 0
A,  543, TYR,  0.0613,  -0.3453,   0.0013, 0
A,  544, VAL,  0.0000,  -0.3795,   0.0002, 0
A,  545, ILE,  0.0000,  -0.3795,   0.0002, 0
A,  546, PHE,  0.0135,  -0.3719,   0.0004, 0
A,  547, THR,  0.0000,  -0.3795,   0.0002, 0
A,  548, GLN,  0.0135,  -0.3719,   0.0004, 0
A,  549, THR,  0.0320,  -0.3616,   0.0007, 0
A,  550, THR,  0.0953,  -0.3263,   0.0022, 0
A,  551, GLU,  0.0740,  -0.3382,   0.0016, 0
A,  552, THR,  0.2056,  -0.2649,   0.0072, 0
A,  553, ALA,  0.1118,  -0.3172,   0.0027, 3
A,  554, HIS,  0.9012,   0.1229,   0.1154, 2
A,  555, SER,  0.0343,  -0.3604,   0.0007, 0
A,  556, CYS,  0.1977,  -0.2693,   0.0067, 0
A,  557, ASN,  0.6869,   0.0034,   0.0671, 3
A,  558, VAL,  0.2617,  -0.2336,   0.0109, 0
A,  559, ASN,  0.4941,  -0.1040,   0.0351, 3
A,  560, ARG,  0.7886,   0.0601,   0.0886, 2
A,  561, PHE,  0.0556,  -0.3484,   0.0011, 0
A,  562, ASN,  0.0135,  -0.3719,   0.0004, 0
A,  563, VAL,  0.0748,  -0.3378,   0.0016, 0
A,  564, ALA,  0.0135,  -0.3719,   0.0004, 0
A,  565, ILE,  0.0421,  -0.3560,   0.0009, 0
A,  566, THR,  0.4232,  -0.1436,   0.0262, 0
A,  567, ARG,  2.5631,   1.0492,   0.5342, 1
A,  568, ALA,  0.0000,  -0.3795,   0.0002, 0
A,  569, LYS,  0.0403,  -0.3570,   0.0008, 0
A,  570, VAL,  0.0372,  -0.3587,   0.0008, 0
A,  571, GLY,  0.0082,  -0.3749,   0.0003, 0
A,  572, ILE,  0.0000,  -0.3795,   0.0002, 0
A,  573, LEU,  0.0735,  -0.3385,   0.0016, 0
A,  574, CYS,  0.0000,  -0.3795,   0.0002, 0
A,  575, ILE,  0.0000,  -0.3795,   0.0002, 0
A,  576, MET,  0.0000,  -0.3795,   0.0002, 0
A,  577, SER,  0.0116,  -0.3730,   0.0004, 0
A,  578, ASP,  0.1643,  -0.2879,   0.0050, 0
A,  579, ARG,  0.1103,  -0.3180,   0.0027, 0
A,  580, ASP,  0.1590,  -0.2908,   0.0047, 0
A,  581, LEU,  0.1857,  -0.2759,   0.0061, 0
A,  582, TYR,  0.1020,  -0.3226,   0.0024, 0
A,  583, ASP,  0.0763,  -0.3369,   0.0016, 0
A,  584, LYS,  0.1351,  -0.3041,   0.0037, 0
A,  585, LEU,  0.0657,  -0.3428,   0.0014, 0
A,  586, GLN,  0.0201,  -0.3683,   0.0005, 0
A,  587, PHE,  0.0314,  -0.3620,   0.0007, 0
A,  588, THR,  0.0412,  -0.3565,   0.0008, 0
A,  589, SER,  0.0916,  -0.3284,   0.0021, 0
A,  590, LEU,  0.3368,  -0.1917,   0.0173, 0
A,  591, GLU,  0.2534,  -0.2382,   0.0103, 0
A,  592, ILE,  0.2685,  -0.2298,   0.0114, 0
